CO_MUNICIPIO;Municipio;Total_Matriculas;Total_Escolas;Escolas_Com_Internet;Perc_Internet;Perc_Banda_Larga;Escolas_Com_Lab_Info;Perc_Lab_Info
3101201;Aiuruoca;768;4;4;100.0;100.0;1;25.0
3114600;Carrancas;730;3;3;100.0;100.0;1;33.33
3133501;Itapecerica;2729;13;13;100.0;100.0;7;53.85
3162575;São João do Manteninha;1011;5;5;100.0;100.0;3;60.0
3140308;Marliéria;895;5;5;100.0;100.0;4;80.0
3108008;Bom Sucesso;2484;12;12;100.0;100.0;4;33.33
3137700;Lajinha;4007;26;15;57.69;50.0;5;19.23
3153707;Quartel Geral;515;3;3;100.0;66.67;1;33.33
3121407;Desterro de Entre Rios;1237;10;10;100.0;100.0;4;40.0
3127404;Gonçalves;758;3;3;100.0;100.0;2;66.67
3118304;Conselheiro Lafaiete;21994;61;61;100.0;93.44;21;34.43
3168002;Taiobeiras;6482;17;17;100.0;100.0;9;52.94
3140803;Matias Barbosa;2290;8;8;100.0;100.0;5;62.5
3143906;Muriaé;17783;62;62;100.0;95.16;24;38.71
3111606;Campos Gerais;4163;15;15;100.0;93.33;7;46.67
3111002;Campestre;3089;12;11;91.67;83.33;6;50.0
3137809;Lambari;3084;11;11;100.0;100.0;4;36.36
3152170;Ponto dos Volantes;2039;16;15;93.75;56.25;2;12.5
3171105;Veríssimo;500;4;4;100.0;75.0;3;75.0
3105509;Barão do Monte Alto;928;13;13;100.0;100.0;2;15.38
3117603;Conceição do Pará;957;7;6;85.71;71.43;3;42.86
3114105;Carmo de Minas;2038;7;7;100.0;100.0;3;42.86
3150109;Piau;473;2;2;100.0;100.0;2;100.0
3156601;Rubim;1595;8;8;100.0;87.5;4;50.0
3150604;Piracema;1033;6;6;100.0;100.0;5;83.33
3108503;Botumirim;1288;8;8;100.0;100.0;4;50.0
3123700;Engenheiro Caldas;1827;6;6;100.0;83.33;4;66.67
3160405;Santo Antônio do Monte;4750;19;19;100.0;100.0;10;52.63
3171600;Virgem da Lapa;1940;15;12;80.0;80.0;8;53.33
3101805;Alpercata;1303;10;10;100.0;80.0;4;40.0
3119807;Córrego Danta;380;5;5;100.0;100.0;1;20.0
3165008;São Tiago;2122;9;8;88.89;66.67;3;33.33
3147006;Paracatu;18056;57;50;87.72;82.46;17;29.82
3142403;Moema;1365;5;5;100.0;100.0;3;60.0
3129004;Guiricema;1074;4;4;100.0;100.0;3;75.0
3159100;Santana dos Montes;588;6;6;100.0;100.0;2;33.33
3116704;Coimbra;1278;3;3;100.0;66.67;2;66.67
3109253;Bugre;616;5;5;100.0;100.0;2;40.0
3116100;Chapada do Norte;1845;21;18;85.71;52.38;7;33.33
3170206;Uberlândia;112193;192;192;100.0;92.71;121;63.02
3140159;Mário Campos;3037;7;7;100.0;100.0;5;71.43
3163508;São José do Jacuri;1177;7;7;100.0;100.0;4;57.14
3137205;Lagoa da Prata;8427;19;19;100.0;100.0;9;47.37
3155207;Rio Espera;635;6;6;100.0;100.0;2;33.33
3112505;Capim Branco;1718;8;8;100.0;100.0;2;25.0
3104304;Areado;2912;7;7;100.0;100.0;4;57.14
3149150;Pedras de Maria da Cruz;2076;14;10;71.43;50.0;6;42.86
3119203;Coroaci;1587;16;14;87.5;68.75;6;37.5
3106903;Bicas;2024;8;8;100.0;100.0;6;75.0
3143153;Monte Formoso;886;11;10;90.91;90.91;1;9.09
3145406;Olaria;327;3;3;100.0;66.67;1;33.33
3158805;Santana do Jacaré;685;3;3;100.0;100.0;2;66.67
3126505;Francisco Badaró;1132;16;16;100.0;87.5;3;18.75
3103405;Araçuaí;8559;35;33;94.29;94.29;12;34.29
3122306;Divinópolis;33310;83;83;100.0;100.0;38;45.78
3171709;Virgínia;1465;10;4;40.0;40.0;3;30.0
3152808;Prata;5212;15;15;100.0;86.67;6;40.0
3107109;Boa Esperança;7290;23;23;100.0;95.65;16;69.57
3102100;Alto Rio Doce;1850;8;8;100.0;100.0;4;50.0
3151503;Piumhi;5479;21;21;100.0;80.95;7;33.33
3155702;Rio Piracicaba;2860;14;14;100.0;100.0;4;28.57
3169356;Três Marias;5406;23;23;100.0;91.3;10;43.48
3116209;Chiador;618;7;7;100.0;100.0;5;71.43
3109402;Buritizeiro;5705;30;26;86.67;80.0;13;43.33
3122801;Dom Viçoso;545;4;4;100.0;75.0;1;25.0
3164902;São Sebastião do Rio Verde;466;3;3;100.0;100.0;1;33.33
3148400;Paulistas;783;4;4;100.0;75.0;1;25.0
3135001;Jaguaraçu;492;5;5;100.0;100.0;1;20.0
3132107;Itacarambi;3887;20;17;85.0;80.0;6;30.0
3135605;Jequitaí;1354;6;6;100.0;83.33;2;33.33
3168606;Teófilo Otoni;25462;97;64;65.98;62.89;36;37.11
3156452;Rosário da Limeira;953;4;4;100.0;100.0;1;25.0
3104908;Baependi;2151;15;13;86.67;86.67;9;60.0
3161908;São Gonçalo do Rio Abaixo;2934;11;11;100.0;100.0;6;54.55
3129608;Ibiaí;1486;11;11;100.0;36.36;5;45.45
3144656;Ninheira;1745;15;15;100.0;100.0;4;26.67
3141009;Mato Verde;3468;13;13;100.0;100.0;8;61.54
3135456;Jenipapo de Minas;1266;15;13;86.67;86.67;3;20.0
3165503;Sardoá;1075;6;6;100.0;66.67;4;66.67
3141702;Mesquita;953;7;7;100.0;100.0;4;57.14
3132602;Itamarati de Minas;722;3;3;100.0;100.0;2;66.67
3123007;Dores de Campos;1561;6;6;100.0;100.0;4;66.67
3170438;União de Minas;657;3;3;100.0;100.0;3;100.0
3146107;Ouro Preto;11738;56;55;98.21;94.64;31;55.36
3153103;Presidente Bernardes;751;7;6;85.71;85.71;1;14.29
3138682;Luislândia;1308;10;10;100.0;100.0;2;20.0
3162658;São João do Pacuí;735;8;8;100.0;100.0;3;37.5
3114709;Carvalhópolis;612;3;3;100.0;100.0;3;100.0
3150000;Pescador;653;3;3;100.0;100.0;2;66.67
3166402;Seritinga;336;3;3;100.0;100.0;1;33.33
3107802;Bom Jesus do Galho;2325;10;10;100.0;60.0;7;70.0
3143302;Montes Claros;71240;170;168;98.82;95.88;90;52.94
3164407;São Sebastião da Bela Vista;1459;6;6;100.0;100.0;4;66.67
3136306;João Pinheiro;8615;30;30;100.0;96.67;13;43.33
3131208;Ipanema;3708;10;10;100.0;100.0;9;90.0
3169505;Tumiritinga;1220;8;8;100.0;100.0;3;37.5
3170750;Varjão de Minas;1752;6;6;100.0;100.0;1;16.67
3154457;Riachinho;1386;9;9;100.0;66.67;4;44.44
3113206;Carandaí;4056;17;17;100.0;100.0;6;35.29
3139409;Manhuaçu;17402;68;68;100.0;97.06;20;29.41
3161304;São Francisco de Sales;1160;4;4;100.0;100.0;3;75.0
3145901;Ouro Branco;6791;23;23;100.0;86.96;18;78.26
3118908;Cordisburgo;1135;7;6;85.71;85.71;2;28.57
3158201;Santa Maria do Suaçuí;2762;15;14;93.33;86.67;6;40.0
3123528;Durandé;1469;10;5;50.0;40.0;4;40.0
3105707;Barra Longa;791;10;8;80.0;80.0;1;10.0
3120102;Couto de Magalhães de Minas;940;5;5;100.0;100.0;2;40.0
3122355;Divisa Alegre;1577;3;3;100.0;100.0;2;66.67
3139003;Machado;5588;21;21;100.0;100.0;14;66.67
3171303;Viçosa;9947;28;27;96.43;89.29;12;42.86
3152402;Poté;2616;15;14;93.33;86.67;4;26.67
3145455;Olhos-d'Água;1268;5;5;100.0;80.0;1;20.0
3146305;Padre Paraíso;4013;22;21;95.45;90.91;7;31.82
3129657;Ibiracatu;1243;11;11;100.0;100.0;4;36.36
3111804;Canápolis;1913;6;6;100.0;100.0;2;33.33
3133006;Itamonte;2180;12;10;83.33;83.33;2;16.67
3109451;Cabeceira Grande;1459;7;7;100.0;100.0;4;57.14
3168200;Tapiraí;272;4;4;100.0;100.0;1;25.0
3162807;São João Evangelista;2931;13;13;100.0;92.31;6;46.15
3117108;Conceição da Aparecida;1820;7;7;100.0;28.57;2;28.57
3108701;Brás Pires;762;6;6;100.0;66.67;4;66.67
3171071;Veredinha;993;6;6;100.0;83.33;1;16.67
3156106;Ritápolis;766;4;4;100.0;100.0;2;50.0
3162203;São João Batista do Glória;1443;4;4;100.0;100.0;3;75.0
3128907;Guimarânia;1508;6;6;100.0;100.0;2;33.33
3129202;Heliodora;1072;4;4;100.0;100.0;2;50.0
3168804;Tiradentes;1126;9;9;100.0;100.0;1;11.11
3102704;Cachoeira de Pajeú;1397;12;12;100.0;100.0;4;33.33
3123205;Dores do Indaiá;1513;7;7;100.0;71.43;4;57.14
3159704;Santa Rosa da Serra;733;5;5;100.0;100.0;1;20.0
3165701;Senador Firmino;1415;4;4;100.0;100.0;1;25.0
3159209;Santa Rita de Caldas;1108;7;6;85.71;85.71;2;28.57
3107307;Bocaiúva;9860;36;33;91.67;86.11;14;38.89
3160454;Santo Antônio do Retiro;1457;8;6;75.0;50.0;3;37.5
3150802;Piranga;2456;13;13;100.0;100.0;5;38.46
3138708;Luminárias;929;3;3;100.0;100.0;2;66.67
3119401;Coronel Fabriciano;15019;39;39;100.0;100.0;27;69.23
3120706;Cruzeiro da Fortaleza;1126;6;6;100.0;100.0;2;33.33
3149903;Perdões;3196;13;13;100.0;100.0;4;30.77
3153905;Raposos;2660;12;12;100.0;100.0;6;50.0
3111200;Campo Belo;8338;21;21;100.0;100.0;13;61.9
3123809;Engenheiro Navarro;1317;4;4;100.0;100.0;2;50.0
3125309;Faria Lemos;622;5;5;100.0;80.0;4;80.0
3131901;Itabirito;11963;31;31;100.0;100.0;13;41.94
3118007;Congonhas;9102;33;33;100.0;93.94;22;66.67
3167301;Silveirânia;572;3;3;100.0;100.0;1;33.33
3130507;Ilicínea;2238;5;5;100.0;100.0;4;80.0
3142601;Monsenhor Paulo;1504;7;7;100.0;100.0;6;85.71
3115508;Caxambu;2949;13;13;100.0;100.0;8;61.54
3160603;Santo Hipólito;434;7;6;85.71;71.43;2;28.57
3134400;Iturama;6842;20;20;100.0;100.0;7;35.0
3148509;Pavão;1312;7;7;100.0;71.43;2;28.57
3163706;São Lourenço;6241;18;18;100.0;100.0;8;44.44
3165578;Senador Amaral;1832;4;4;100.0;100.0;2;50.0
3100609;Água Boa;2738;19;12;63.16;52.63;5;26.32
3115359;Catas Altas;1098;6;6;100.0;100.0;1;16.67
3154606;Ribeirão das Neves;64733;113;113;100.0;100.0;55;48.67
3138104;Lassance;1238;10;9;90.0;50.0;5;50.0
3153301;Presidente Kubitschek;800;3;3;100.0;100.0;1;33.33
3170404;Unaí;15795;42;42;100.0;88.1;21;50.0
3121001;Datas;1386;7;7;100.0;100.0;2;28.57
3168051;Taparuba;682;6;6;100.0;66.67;1;16.67
3157005;Salinas;6774;32;32;100.0;87.5;18;56.25
3116902;Comendador Gomes;610;3;3;100.0;100.0;2;66.67
3140852;Matias Cardoso;2437;15;13;86.67;20.0;4;26.67
3157377;Santa Cruz de Salinas;790;8;7;87.5;62.5;2;25.0
3157500;Santa Efigênia de Minas;774;4;3;75.0;25.0;2;50.0
3151008;Piranguinho;1643;7;7;100.0;85.71;3;42.86
3124104;Esmeraldas;15918;36;36;100.0;88.89;11;30.56
3167905;Tabuleiro;645;2;2;100.0;100.0;1;50.0
3110905;Campanha;2574;10;10;100.0;100.0;5;50.0
3129806;Ibirité;28372;53;53;100.0;100.0;24;45.28
3147204;Paraguaçu;3120;10;10;100.0;90.0;4;40.0
3163102;São José da Varginha;806;8;8;100.0;100.0;2;25.0
3144201;Nacip Raydan;431;4;4;100.0;100.0;2;50.0
3144805;Nova Lima;14592;33;33;100.0;96.97;8;24.24
3171154;Vermelho Novo;1052;3;3;100.0;100.0;2;66.67
3150158;Piedade de Caratinga;1926;4;4;100.0;100.0;2;50.0
3146909;Papagaios;2679;11;11;100.0;100.0;7;63.64
3126703;Francisco Sá;3829;23;22;95.65;47.83;10;43.48
3141207;Matutina;685;5;5;100.0;60.0;2;40.0
3132800;Itambé do Mato Dentro;354;3;3;100.0;100.0;1;33.33
3108552;Brasilândia de Minas;3665;10;10;100.0;100.0;5;50.0
3102209;Alvarenga;903;8;8;100.0;100.0;1;12.5
3155900;Rio Preto;693;5;4;80.0;80.0;2;40.0
3165552;Setubinha;2490;17;15;88.24;88.24;4;23.53
3134509;Itutinga;688;3;3;100.0;100.0;2;66.67
3139607;Mantena;4268;13;13;100.0;92.31;10;76.92
3118502;Consolação;292;3;3;100.0;33.33;1;33.33
3113404;Caratinga;15525;68;68;100.0;100.0;28;41.18
3145372;Novorizonte;962;10;10;100.0;100.0;1;10.0
3172004;Visconde do Rio Branco;7097;26;26;100.0;92.31;10;38.46
3106408;Belo Vale;1454;10;8;80.0;80.0;1;10.0
3154002;Raul Soares;3953;19;19;100.0;100.0;12;63.16
3127370;Goiabeira;665;3;3;100.0;66.67;2;66.67
3105103;Bambuí;2870;14;14;100.0;92.86;5;35.71
3136504;Jordânia;1786;11;11;100.0;100.0;5;45.45
3131406;Ipiaçu;750;4;4;100.0;100.0;1;25.0
3125804;Fernandes Tourinho;472;3;3;100.0;100.0;1;33.33
3135050;Jaíba;9662;31;30;96.77;93.55;9;29.03
3100500;Açucena;1329;14;13;92.86;92.86;4;28.57
3149408;Pedro Teixeira;253;2;2;100.0;100.0;2;100.0
3150570;Pintópolis;1644;7;7;100.0;42.86;2;28.57
3110301;Caldas;2329;14;14;100.0;100.0;8;57.14
3128303;Guaranésia;3131;11;11;100.0;100.0;6;54.55
3136959;Juvenília;1295;11;11;100.0;81.82;4;36.36
3103603;Arantina;559;4;4;100.0;75.0;2;50.0
3121605;Diamantina;9095;33;33;100.0;100.0;18;54.55
3143500;Morada Nova de Minas;1893;10;10;100.0;90.0;3;30.0
3138625;Limeira do Oeste;1697;5;5;100.0;100.0;4;80.0
3157609;Santa Fé de Minas;633;5;5;100.0;100.0;2;40.0
3124708;Estrela do Indaiá;359;3;3;100.0;100.0;1;33.33
3125200;Fama;466;4;4;100.0;100.0;3;75.0
3156908;Sacramento;5149;16;16;100.0;87.5;7;43.75
3117801;Conceição dos Ouros;2056;8;8;100.0;75.0;4;50.0
3136702;Juiz de Fora;70540;182;181;99.45;98.9;120;65.93
3101631;Alfredo Vasconcelos;1166;7;7;100.0;100.0;4;57.14
3112059;Cantagalo;806;5;4;80.0;40.0;1;20.0
3113602;Careaçu;1251;3;3;100.0;100.0;2;66.67
3107505;Bom Jardim de Minas;1261;4;4;100.0;100.0;0;0.0
3114907;Casa Grande;339;4;4;100.0;100.0;4;100.0
3101508;Além Paraíba;5539;19;18;94.74;78.95;12;63.16
3142106;Miradouro;1430;13;13;100.0;69.23;3;23.08
3168309;Taquaraçu de Minas;873;4;4;100.0;100.0;1;25.0
3159902;Santo Antônio do Amparo;3104;15;15;100.0;100.0;11;73.33
3143609;Morro da Garça;481;6;6;100.0;83.33;2;33.33
3148103;Patrocínio;15621;52;52;100.0;98.08;24;46.15
3147808;Passa Vinte;376;3;3;100.0;66.67;1;33.33
3111309;Campo do Meio;1910;7;7;100.0;100.0;2;28.57
3126901;Frei Inocêncio;1650;8;8;100.0;100.0;2;25.0
3154200;Resende Costa;1770;7;7;100.0;100.0;3;42.86
3120904;Curvelo;13866;39;38;97.44;97.44;27;69.23
3120300;Cristália;1216;6;5;83.33;66.67;2;33.33
3145000;Nova Ponte;3211;8;8;100.0;100.0;4;50.0
3159407;Santa Rita de Ibitipoca;555;6;6;100.0;100.0;1;16.67
3108206;Bonfinópolis de Minas;1377;6;6;100.0;100.0;3;50.0
3126752;Franciscópolis;820;6;6;100.0;83.33;2;33.33
3165206;São Tomé das Letras;1248;6;6;100.0;100.0;3;50.0
3144359;Naque;1638;3;3;100.0;100.0;2;66.67
3132305;Itaipé;2565;11;11;100.0;100.0;3;27.27
3123403;Doresópolis;271;3;3;100.0;100.0;2;66.67
3117306;Conceição das Alagoas;5365;11;11;100.0;100.0;3;27.27
3171907;Virgolândia;815;6;6;100.0;83.33;3;50.0
3114303;Carmo do Paranaíba;4773;22;22;100.0;100.0;7;31.82
3170602;Vargem Bonita;434;5;5;100.0;100.0;1;20.0
3137403;Lagoa Dourada;2371;13;13;100.0;76.92;3;23.08
3130101;Igarapé;10055;28;28;100.0;100.0;7;25.0
3169059;Tocos do Moji;646;5;5;100.0;100.0;1;20.0
3155405;Rio Novo;1317;7;7;100.0;100.0;2;28.57
3140506;Martinho Campos;2667;13;13;100.0;100.0;7;53.85
3123858;Entre Folhas;1172;3;3;100.0;100.0;1;33.33
3135076;Jampruca;865;5;4;80.0;60.0;2;40.0
3169208;Tombos;1343;8;8;100.0;100.0;2;25.0
3103108;Antônio Prado de Minas;401;3;3;100.0;100.0;2;66.67
3149952;Periquito;1648;9;9;100.0;77.78;5;55.56
3151206;Pirapora;12281;32;32;100.0;100.0;15;46.88
3133204;Itanhomi;2104;11;11;100.0;90.91;7;63.64
3158508;Santana de Pirapama;961;7;4;57.14;57.14;4;57.14
3143005;Monte Belo;2078;7;7;100.0;85.71;2;28.57
3136009;Joaíma;2747;18;16;88.89;83.33;5;27.78
3127602;Gouveia;2083;11;11;100.0;72.73;3;27.27
3122504;Dom Cavati;807;3;3;100.0;100.0;3;100.0
3104502;Arinos;3529;24;19;79.17;70.83;11;45.83
3130556;Imbé de Minas;1263;11;8;72.73;45.45;1;9.09
3145604;Oliveira;5679;23;23;100.0;91.3;14;60.87
3160801;São Bento Abade;1092;3;3;100.0;100.0;2;66.67
3152600;Pouso Alto;1013;5;5;100.0;80.0;3;60.0
3161007;São Domingos do Prata;2769;18;16;88.89;72.22;5;27.78
3130705;Indianópolis;1262;6;6;100.0;83.33;2;33.33
3148707;Pedra Azul;4175;16;15;93.75;81.25;9;56.25
3133808;Itaúna;12639;39;39;100.0;100.0;16;41.03
3162922;São Joaquim de Bicas;7633;17;17;100.0;76.47;5;29.41
3166709;Serra dos Aimorés;1640;7;7;100.0;71.43;2;28.57
3131604;Iraí de Minas;1382;6;5;83.33;83.33;2;33.33
3112703;Capitão Enéas;3077;15;15;100.0;46.67;5;33.33
3120151;Crisólita;1057;6;6;100.0;100.0;4;66.67
3135803;Jequitinhonha;4264;25;24;96.0;72.0;11;44.0
3112208;Capela Nova;618;8;8;100.0;100.0;3;37.5
3118700;Coqueiral;1486;7;7;100.0;100.0;5;71.43
3138906;Machacalis;1623;6;6;100.0;100.0;1;16.67
3172202;Wenceslau Braz;443;3;3;100.0;100.0;2;66.67
3109600;Cachoeira da Prata;698;3;3;100.0;100.0;2;66.67
3160108;Santo Antônio do Grama;890;3;3;100.0;33.33;2;66.67
3166105;Senhora do Porto;546;4;4;100.0;100.0;1;25.0
3116407;Claraval;943;5;5;100.0;60.0;1;20.0
3132909;Itamogi;1934;8;8;100.0;100.0;6;75.0
3115474;Catuti;985;7;7;100.0;100.0;3;42.86
3162252;São João da Lagoa;995;4;4;100.0;50.0;3;75.0
3102902;Antônio Carlos;1514;12;12;100.0;66.67;5;41.67
3162401;São João da Ponte;4777;32;31;96.88;71.88;15;46.88
3102407;Alvorada de Minas;1033;8;7;87.5;87.5;4;50.0
3141900;Minduri;682;3;3;100.0;100.0;2;66.67
3135308;Japaraíba;988;6;6;100.0;83.33;2;33.33
3150307;Piedade do Rio Grande;770;4;4;100.0;100.0;3;75.0
3141405;Medina;3930;16;16;100.0;93.75;6;37.5
3126208;Formoso;1814;7;7;100.0;100.0;1;14.29
3156304;Rodeiro;1743;4;4;100.0;100.0;2;50.0
3145109;Nova Resende;3124;12;12;100.0;100.0;3;25.0
3131000;Inhaúma;1183;3;3;100.0;100.0;1;33.33
3106002;Bela Vista de Minas;1719;6;6;100.0;100.0;3;50.0
3151701;Poço Fundo;2135;9;9;100.0;100.0;5;55.56
3138302;Leandro Ferreira;555;4;4;100.0;100.0;1;25.0
3169703;Turmalina;4302;19;19;100.0;94.74;5;26.32
3122009;Divino;3635;18;18;100.0;100.0;6;33.33
3127107;Frutal;9710;25;25;100.0;96.0;12;48.0
3164605;São Sebastião do Oeste;2195;4;4;100.0;75.0;3;75.0
3150539;Pingo-d'Água;1000;4;4;100.0;100.0;1;25.0
3166600;Serra da Saudade;101;2;2;100.0;100.0;1;50.0
3109105;Bueno Brandão;1426;5;5;100.0;100.0;2;40.0
3146503;Pains;1290;5;5;100.0;100.0;2;40.0
3109709;Cachoeira de Minas;1987;8;8;100.0;100.0;7;87.5
3154804;Rio Acima;1821;8;8;100.0;100.0;2;25.0
3136553;José Raydan;851;8;8;100.0;100.0;4;50.0
3104007;Araxá;19839;59;59;100.0;100.0;32;54.24
3128501;Guarará;820;3;3;100.0;100.0;2;66.67
3161502;São Geraldo;1816;7;7;100.0;100.0;4;57.14
3138674;Luisburgo;1450;9;8;88.89;77.78;2;22.22
3157658;Santa Helena de Minas;1579;7;5;71.43;57.14;2;28.57
3103801;Arapuá;460;4;4;100.0;100.0;2;50.0
3106606;Bertópolis;1458;7;7;100.0;85.71;2;28.57
3164001;São Pedro dos Ferros;1199;6;6;100.0;66.67;4;66.67
3106655;Berizal;898;7;7;100.0;28.57;3;42.86
3155603;Rio Pardo de Minas;5432;23;23;100.0;95.65;7;30.43
3161700;São Gonçalo do Abaeté;1116;8;8;100.0;87.5;2;25.0
3152709;Prados;1410;7;6;85.71;85.71;3;42.86
3129400;Ibertioga;966;3;3;100.0;100.0;2;66.67
3120409;Cristiano Otoni;884;5;5;100.0;60.0;3;60.0
3113107;Caranaíba;470;5;5;100.0;100.0;2;40.0
3136207;João Monlevade;14028;24;24;100.0;100.0;16;66.67
3142304;Moeda;950;5;5;100.0;100.0;1;20.0
3148301;Paula Cândido;1382;5;5;100.0;100.0;3;60.0
3158706;Santana do Garambéu;362;3;2;66.67;66.67;2;66.67
3149606;Pequi;778;3;3;100.0;100.0;1;33.33
3164803;São Sebastião do Rio Preto;242;2;2;100.0;100.0;1;50.0
3100203;Abaeté;3508;15;15;100.0;100.0;7;46.67
3165404;Sapucaí-Mirim;1249;7;7;100.0;100.0;4;57.14
3135357;Japonvar;1761;10;10;100.0;90.0;3;30.0
3106200;Belo Horizonte;303492;550;550;100.0;99.82;367;66.73
3138500;Liberdade;750;3;3;100.0;100.0;2;66.67
3101706;Almenara;9979;35;35;100.0;100.0;9;25.71
3162450;São João das Missões;3804;17;17;100.0;94.12;4;23.53
3136579;Josenópolis;773;5;5;100.0;100.0;1;20.0
3129509;Ibiá;3712;19;18;94.74;94.74;3;15.79
3168507;Teixeiras;1881;10;10;100.0;100.0;3;30.0
3171501;Mathias Lobato;731;4;4;100.0;100.0;2;50.0
3126406;Fortuna de Minas;662;4;4;100.0;100.0;1;25.0
3122470;Dom Bosco;736;6;6;100.0;100.0;1;16.67
3127339;Gameleiras;1219;13;13;100.0;100.0;2;15.38
3132503;Itamarandiba;7793;37;34;91.89;56.76;12;32.43
3170651;Vargem Grande do Rio Pardo;936;6;6;100.0;66.67;1;16.67
3104700;Ataléia;2107;19;18;94.74;94.74;7;36.84
3118809;Coração de Jesus;5476;40;37;92.5;82.5;18;45.0
3163300;São José do Divino;738;4;4;100.0;100.0;1;25.0
3143807;Munhoz;1437;5;4;80.0;60.0;2;40.0
3152131;Ponto Chique;937;5;4;80.0;60.0;2;40.0
3111507;Campos Altos;2638;10;10;100.0;100.0;5;50.0
3171006;Vazante;3479;19;19;100.0;100.0;10;52.63
3154309;Resplendor;2710;12;12;100.0;91.67;3;25.0
3127800;Grão Mogol;2678;21;16;76.19;71.43;8;38.1
3122702;Dom Silvério;801;3;3;100.0;100.0;2;66.67
3153004;Pratinha;734;3;3;100.0;66.67;1;33.33
3105905;Barroso;3590;16;16;100.0;100.0;10;62.5
3110608;Cambuí;4753;18;18;100.0;100.0;5;27.78
3140555;Mata Verde;1677;5;5;100.0;100.0;3;60.0
3140704;Mateus Leme;7157;20;20;100.0;95.0;14;70.0
3148756;Pedra Bonita;1546;10;9;90.0;60.0;3;30.0
3140100;Marilac;1030;3;3;100.0;66.67;2;66.67
3103306;Aracitaba;282;2;2;100.0;100.0;2;100.0
3128006;Guanhães;6376;21;21;100.0;100.0;12;57.14
3145802;Onça de Pitangui;482;8;8;100.0;100.0;4;50.0
3121308;Descoberto;902;4;4;100.0;100.0;1;25.0
3146008;Ouro Fino;4763;19;19;100.0;42.11;11;57.89
3115706;Central de Minas;1067;3;3;100.0;100.0;2;66.67
3117876;Confins;1450;6;6;100.0;100.0;2;33.33
3100807;Aguanil;870;6;6;100.0;66.67;1;16.67
3143203;Monte Santo de Minas;3270;10;10;100.0;100.0;5;50.0
3161056;São Félix de Minas;726;2;2;100.0;100.0;2;100.0
3112901;Caputira;1809;11;6;54.55;18.18;2;18.18
3130903;Inhapim;3549;37;37;100.0;35.14;12;32.43
3110004;Caeté;6921;26;26;100.0;96.15;15;57.69
3148905;Pedra do Indaiá;610;6;6;100.0;100.0;2;33.33
3158102;Santa Maria do Salto;1028;5;5;100.0;100.0;1;20.0
3163904;São Pedro da União;920;4;4;100.0;75.0;2;50.0
3150505;Pimenta;1282;5;5;100.0;80.0;2;40.0
3137106;Lagamar;1123;7;7;100.0;100.0;4;57.14
3118205;Conquista;1238;6;6;100.0;100.0;2;33.33
3127073;Fruta de Leite;936;5;5;100.0;100.0;1;20.0
3114006;Carmo da Mata;1614;5;5;100.0;100.0;3;60.0
3137601;Lagoa Santa;12105;30;30;100.0;96.67;16;53.33
3131109;Inimutaba;1267;6;6;100.0;50.0;1;16.67
3115102;Cássia;2671;9;9;100.0;88.89;2;22.22
3134707;Jacinto;1868;13;13;100.0;92.31;4;30.77
3167608;Simonésia;4285;28;28;100.0;46.43;6;21.43
3124302;Espinosa;6443;37;37;100.0;94.59;22;59.46
3166303;Sericita;1479;7;7;100.0;85.71;1;14.29
3125507;São Gonçalo do Rio Preto;543;3;3;100.0;100.0;2;66.67
3126950;Frei Lagonegro;728;6;6;100.0;100.0;1;16.67
3170479;Uruana de Minas;700;5;5;100.0;100.0;3;60.0
3153608;Prudente de Morais;2225;10;10;100.0;100.0;5;50.0
3144508;Nazareno;1556;3;3;100.0;100.0;2;66.67
3105301;Bandeira do Sul;1208;3;3;100.0;100.0;2;66.67
3147402;Paraopeba;4182;12;12;100.0;100.0;7;58.33
3114501;Carmópolis de Minas;2856;9;9;100.0;100.0;6;66.67
3162948;São José da Barra;1449;7;7;100.0;100.0;3;42.86
3108255;Bonito de Minas;2211;18;15;83.33;77.78;12;66.67
3108404;Botelhos;2600;14;12;85.71;85.71;5;35.71
3138351;Leme do Prado;948;8;8;100.0;100.0;5;62.5
3152105;Ponte Nova;10172;33;33;100.0;96.97;12;36.36
3170107;Uberaba;51194;112;112;100.0;100.0;71;63.39
3109303;Buritis;5196;27;25;92.59;85.19;5;18.52
3119708;Coronel Xavier Chaves;579;2;2;100.0;100.0;2;100.0
3139201;Malacacheta;3299;16;14;87.5;87.5;12;75.0
3157203;Santa Bárbara;5012;19;15;78.95;36.84;5;26.32
3116605;Cláudio;5633;14;14;100.0;100.0;11;78.57
3106804;Bias Fortes;504;8;5;62.5;50.0;1;12.5
3160306;Santo Antônio do Jacinto;2102;12;12;100.0;100.0;5;41.67
3121803;Dionísio;972;5;4;80.0;80.0;4;80.0
3146552;Pai Pedro;1208;7;7;100.0;100.0;2;28.57
3134103;Itueta;1098;8;8;100.0;25.0;2;25.0
3163409;São José do Goiabal;926;3;3;100.0;100.0;1;33.33
3169901;Ubá;16945;49;49;100.0;100.0;18;36.73
3149002;Pedra Dourada;545;3;3;100.0;100.0;2;66.67
3120870;Curral de Dentro;1824;8;8;100.0;75.0;4;50.0
3142908;Monte Azul;3416;19;18;94.74;94.74;7;36.84
3119104;Corinto;4151;14;14;100.0;100.0;7;50.0
3101102;Aimorés;4325;25;25;100.0;100.0;15;60.0
3139805;Mar de Espanha;2431;9;9;100.0;100.0;4;44.44
3124906;Eugenópolis;1494;9;9;100.0;88.89;5;55.56
3116001;Chalé;1256;15;14;93.33;93.33;6;40.0
3157807;Santa Luzia;39244;57;57;100.0;89.47;22;38.6
3167004;Serranos;327;3;3;100.0;100.0;1;33.33
3110806;Campanário;669;4;4;100.0;100.0;1;25.0
3144102;Muzambinho;2918;11;11;100.0;100.0;3;27.27
3132008;Itacambira;683;6;6;100.0;100.0;5;83.33
3164308;São Roque de Minas;1209;9;9;100.0;100.0;3;33.33
3120839;Cuparaque;840;6;5;83.33;50.0;2;33.33
3103504;Araguari;17966;57;56;98.25;96.49;33;57.89
3138005;Laranjal;923;3;3;100.0;100.0;1;33.33
3170305;Umburatiba;494;3;3;100.0;100.0;1;33.33
3155108;Rio do Prado;912;5;5;100.0;100.0;3;60.0
3151404;Pitangui;4611;18;18;100.0;100.0;6;33.33
3122900;Dona Euzébia;1165;5;5;100.0;100.0;2;40.0
3157401;Santa Cruz do Escalvado;585;5;5;100.0;100.0;4;80.0
3107703;Bom Jesus do Amparo;1219;8;3;37.5;37.5;3;37.5
3141108;Matozinhos;6278;21;21;100.0;100.0;6;28.57
3132701;Itambacuri;4224;21;18;85.71;85.71;10;47.62
3102001;Alterosa;2445;8;8;100.0;87.5;6;75.0
3164431;São Sebastião da Vargem Alegre;684;5;5;100.0;20.0;2;40.0
3152907;Pratápolis;1291;5;5;100.0;100.0;2;40.0
3161809;São Gonçalo do Pará;2137;9;9;100.0;88.89;8;88.89
3120607;Crucilândia;917;3;3;100.0;100.0;2;66.67
3114550;Carneirinho;1642;10;10;100.0;90.0;6;60.0
3141603;Mercês;1457;7;7;100.0;100.0;3;42.86
3104809;Augusto de Lima;861;3;3;100.0;100.0;2;66.67
3126604;Francisco Dumont;976;5;5;100.0;100.0;2;40.0
3113909;Carmo da Cachoeira;2138;8;8;100.0;75.0;3;37.5
3117504;Conceição do Mato Dentro;4781;26;19;73.08;73.08;5;19.23
3147600;Passa Quatro;2200;12;12;100.0;100.0;4;33.33
3115300;Cataguases;8957;32;32;100.0;93.75;13;40.63
3131307;Ipatinga;37537;71;71;100.0;100.0;26;36.62
3110202;Cajuri;796;5;5;100.0;40.0;3;60.0
3162708;São João do Paraíso;4005;19;18;94.74;89.47;8;42.11
3136405;Joaquim Felício;768;3;3;100.0;100.0;1;33.33
3144706;Nova Era;2810;8;8;100.0;100.0;8;100.0
3113305;Carangola;4707;32;30;93.75;87.5;7;21.88
3118403;Conselheiro Pena;3645;20;20;100.0;95.0;11;55.0
3155801;Rio Pomba;2202;6;6;100.0;100.0;4;66.67
3154507;Riacho dos Machados;1683;11;11;100.0;54.55;1;9.09
3145851;Oratórios;916;4;4;100.0;100.0;2;50.0
3100401;Acaiaca;799;5;5;100.0;100.0;3;60.0
3170800;Várzea da Palma;6305;28;28;100.0;92.86;13;46.43
3161205;São Francisco de Paula;1183;4;4;100.0;50.0;3;75.0
3131158;Ipaba;3398;13;13;100.0;100.0;4;30.77
3146206;Ouro Verde de Minas;1518;10;9;90.0;20.0;2;20.0
3128204;Guaraciaba;1406;8;8;100.0;75.0;4;50.0
3166907;Serrania;1316;4;4;100.0;100.0;4;100.0
3106309;Belo Oriente;5223;14;14;100.0;100.0;8;57.14
3166956;Serranópolis de Minas;815;8;8;100.0;75.0;3;37.5
3125101;Extrema;12941;26;26;100.0;92.31;15;57.69
3115904;Chácara;762;3;3;100.0;100.0;2;66.67
3169406;Três Pontas;9365;26;26;100.0;100.0;12;46.15
3156007;Rio Vermelho;2203;17;17;100.0;94.12;2;11.76
3162104;São Gotardo;8728;22;22;100.0;100.0;18;81.82
3128808;Guidoval;1261;5;5;100.0;100.0;2;40.0
3140209;Maripá de Minas;592;3;3;100.0;100.0;1;33.33
3133402;Itapagipe;2283;9;9;100.0;100.0;8;88.89
3159001;Santana do Riacho;1093;7;7;100.0;100.0;4;57.14
3125705;Felixlândia;2408;13;13;100.0;100.0;3;23.08
3159605;Santa Rita do Sapucaí;6818;19;19;100.0;100.0;10;52.63
3120003;Córrego Novo;612;3;3;100.0;66.67;1;33.33
3134905;Jacutinga;5017;16;16;100.0;100.0;9;56.25
3102605;Andradas;5831;20;20;100.0;100.0;11;55.0
3162559;São João do Manhuaçu;2637;9;9;100.0;88.89;8;88.89
3170909;Varzelândia;4854;32;30;93.75;84.38;9;28.13
3156502;Rubelita;1025;11;11;100.0;54.55;2;18.18
3123106;Dores de Guanhães;1109;7;7;100.0;42.86;4;57.14
3150703;Pirajuba;1359;3;3;100.0;100.0;2;66.67
3108602;Brasília de Minas;6904;27;27;100.0;92.59;10;37.04
3117009;Comercinho;1116;13;11;84.62;76.92;1;7.69
3165602;Senador Cortes;490;5;5;100.0;100.0;3;60.0
3127388;Goianá;738;4;4;100.0;100.0;2;50.0
3123601;Elói Mendes;4465;15;15;100.0;100.0;6;40.0
3157252;Santa Bárbara do Leste;1553;6;6;100.0;83.33;1;16.67
3135506;Jequeri;2197;12;12;100.0;100.0;5;41.67
3167806;Soledade de Minas;848;4;4;100.0;100.0;1;25.0
3142502;Monjolos;397;5;5;100.0;100.0;2;40.0
3130408;Ijaci;1237;5;5;100.0;100.0;3;60.0
3112406;Capetinga;1139;4;4;100.0;100.0;2;50.0
3160504;Santo Antônio do Rio Abaixo;337;3;3;100.0;100.0;3;100.0
3138609;Lima Duarte;2932;22;22;100.0;100.0;5;22.73
3139250;Mamonas;1029;4;3;75.0;50.0;1;25.0
3146701;Palma;819;6;6;100.0;100.0;3;50.0
3126000;Florestal;1780;5;5;100.0;100.0;1;20.0
3149804;Perdizes;4042;15;15;100.0;100.0;6;40.0
3124500;Estiva;1908;8;8;100.0;100.0;2;25.0
3117836;Cônego Marinho;1524;16;16;100.0;68.75;4;25.0
3157278;Santa Bárbara do Monte Verde;577;4;4;100.0;100.0;1;25.0
3131802;Itabirinha;2040;7;7;100.0;42.86;2;28.57
3122207;Divinolândia de Minas;1637;7;7;100.0;85.71;4;57.14
3113800;Carmésia;643;6;6;100.0;83.33;2;33.33
3134301;Itumirim;979;6;6;100.0;100.0;3;50.0
3127305;Galiléia;1228;7;7;100.0;100.0;2;28.57
3107208;Bocaina de Minas;617;5;5;100.0;60.0;1;20.0
3136900;Juruaia;2067;7;7;100.0;100.0;1;14.29
3145307;Novo Cruzeiro;5991;33;23;69.7;45.45;14;42.42
3160959;São Domingos das Dores;1447;6;6;100.0;66.67;4;66.67
3152303;Porto Firme;1529;13;12;92.31;92.31;3;23.08
3127909;Grupiara;277;2;2;100.0;100.0;1;50.0
3104205;Arcos;6943;20;20;100.0;100.0;6;30.0
3109907;Caetanópolis;1859;7;7;100.0;85.71;3;42.86
3167202;Sete Lagoas;34277;88;87;98.86;90.91;39;44.32
3149200;Pedrinópolis;687;4;4;100.0;100.0;2;50.0
3163003;São José da Safira;777;5;5;100.0;100.0;5;100.0
3148608;Peçanha;2376;14;13;92.86;78.57;4;28.57
3129707;Ibiraci;2356;9;9;100.0;100.0;2;22.22
3116308;Cipotânea;857;3;3;100.0;100.0;1;33.33
3144672;Nova Belém;748;9;2;22.22;11.11;2;22.22
3141801;Minas Novas;5166;43;35;81.4;74.42;11;25.58
3109501;Cabo Verde;1845;10;10;100.0;100.0;7;70.0
3128402;Guarani;1403;5;5;100.0;100.0;5;100.0
3116803;Coluna;1397;11;7;63.64;63.64;4;36.36
3122405;Divisa Nova;1187;4;4;100.0;100.0;3;75.0
3158904;Santana do Manhuaçu;1772;14;14;100.0;85.71;2;14.29
3109006;Brumadinho;7254;24;24;100.0;87.5;12;50.0
3138203;Lavras;14067;45;45;100.0;97.78;19;42.22
3138807;Luz;2545;10;10;100.0;100.0;5;50.0
3171808;Virginópolis;1769;8;8;100.0;100.0;5;62.5
3172103;Volta Grande;850;7;7;100.0;28.57;1;14.29
3144904;Nova Módica;703;6;6;100.0;16.67;1;16.67
3119906;Córrego do Bom Jesus;869;3;3;100.0;100.0;2;66.67
3153202;Presidente Juscelino;589;5;5;100.0;100.0;4;80.0
3144300;Nanuque;5570;24;24;100.0;100.0;10;41.67
3112000;Candeias;1771;7;7;100.0;71.43;3;42.86
3132206;Itaguara;2368;7;7;100.0;100.0;4;57.14
3135704;Jequitibá;944;5;5;100.0;100.0;3;60.0
3147105;Pará de Minas;17620;51;50;98.04;98.04;17;33.33
3169000;Tocantins;2417;8;8;100.0;100.0;5;62.5
3145877;Orizânia;1714;9;9;100.0;100.0;1;11.11
3126109;Formiga;9300;34;34;100.0;67.65;7;20.59
3166501;Serra Azul de Minas;864;11;7;63.64;63.64;1;9.09
3107901;Bom Repouso;2505;6;6;100.0;100.0;2;33.33
3143401;Monte Sião;3839;14;13;92.86;85.71;4;28.57
3161403;São Francisco do Glória;815;2;2;100.0;100.0;2;100.0
3154101;Recreio;1308;7;7;100.0;100.0;5;71.43
3164506;São Sebastião do Maranhão;1614;18;10;55.56;55.56;4;22.22
3125903;Ferros;1590;19;18;94.74;94.74;9;47.37
3135100;Janaúba;15355;43;43;100.0;90.7;19;44.19
3149309;Pedro Leopoldo;10549;39;39;100.0;100.0;12;30.77
3124005;Ervália;3362;14;13;92.86;92.86;6;42.86
3142007;Mirabela;2606;10;10;100.0;100.0;5;50.0
3151602;Planura;2363;4;4;100.0;100.0;3;75.0
3160009;Santo Antônio do Aventureiro;694;4;4;100.0;100.0;1;25.0
3116159;Chapada Gaúcha;3177;20;17;85.0;85.0;4;20.0
3139508;Manhumirim;3280;13;13;100.0;100.0;4;30.77
3106507;Berilo;1662;21;21;100.0;100.0;9;42.86
3121506;Desterro do Melo;521;3;3;100.0;100.0;1;33.33
3128253;Guaraciama;1032;3;3;100.0;100.0;1;33.33
3146255;Padre Carvalho;1005;5;5;100.0;100.0;4;80.0
3169604;Tupaciguara;4701;15;15;100.0;100.0;8;53.33
3110400;Camacho;505;3;3;100.0;100.0;2;66.67
3154705;Ribeirão Vermelho;724;4;3;75.0;75.0;1;25.0
3158300;Santana da Vargem;1189;5;5;100.0;100.0;3;60.0
3124609;Estrela Dalva;460;3;3;100.0;66.67;1;33.33
3104403;Argirita;474;3;3;100.0;100.0;2;66.67
3168101;Tapira;1063;6;6;100.0;100.0;2;33.33
3159803;Santa Vitória;3882;13;13;100.0;92.31;5;38.46
3127503;Gonzaga;1027;7;7;100.0;100.0;3;42.86
3111705;Canaã;835;6;6;100.0;100.0;2;33.33
3145356;Novo Oriente de Minas;2041;15;14;93.33;86.67;3;20.0
3137536;Lagoa Grande;1780;6;6;100.0;83.33;3;50.0
3162906;São João Nepomuceno;4095;24;24;100.0;91.67;16;66.67
3147709;Passa Tempo;1287;4;4;100.0;100.0;3;75.0
3133600;Itapeva;2892;9;7;77.78;77.78;1;11.11
3140902;Matipó;4172;16;12;75.0;75.0;5;31.25
3140407;Marmelópolis;609;5;5;100.0;100.0;1;20.0
3114808;Carvalhos;704;5;5;100.0;20.0;1;20.0
3101409;Albertina;623;4;4;100.0;50.0;2;50.0
3102050;Alto Caparaó;1293;4;4;100.0;100.0;1;25.0
3117702;Conceição do Rio Verde;2306;9;9;100.0;88.89;6;66.67
3165107;São Tomás de Aquino;1318;4;4;100.0;100.0;2;50.0
3114204;Carmo do Cajuru;4120;16;16;100.0;100.0;6;37.5
3137908;Lamim;581;7;7;100.0;14.29;1;14.29
3171204;Vespasiano;25281;55;55;100.0;98.18;23;41.82
3153806;Queluzito;296;3;3;100.0;100.0;1;33.33
3105608;Barbacena;16884;42;42;100.0;92.86;20;47.62
3120201;Cristais;2102;8;8;100.0;62.5;3;37.5
3105004;Baldim;1297;10;10;100.0;100.0;4;40.0
3156205;Rochedo de Minas;495;3;3;100.0;100.0;1;33.33
3108107;Bonfim;983;5;5;100.0;20.0;2;40.0
3156700;Sabará;20406;47;46;97.87;95.74;38;80.85
3150208;Piedade de Ponte Nova;805;3;3;100.0;100.0;2;66.67
3111150;Campo Azul;799;8;8;100.0;75.0;1;12.5
3163607;São José do Mantimento;676;7;7;100.0;100.0;1;14.29
3148004;Patos de Minas;23776;64;64;100.0;98.44;29;45.31
3111101;Campina Verde;2594;13;13;100.0;84.62;7;53.85
3130002;Ibituruna;459;3;3;100.0;100.0;2;66.67
3138658;Lontra;2001;7;6;85.71;85.71;4;57.14
3168705;Timóteo;11058;31;31;100.0;100.0;12;38.71
3162302;São João da Mata;545;3;3;100.0;100.0;0;0.0
3155306;Rio Manso;806;4;4;100.0;100.0;0;0.0
3129103;Gurinhatã;783;6;6;100.0;100.0;2;33.33
3102803;Andrelândia;1672;6;6;100.0;100.0;2;33.33
3101904;Alpinópolis;2866;11;11;100.0;100.0;3;27.27
3166006;Senhora de Oliveira;913;4;4;100.0;100.0;3;75.0
3140530;Martins Soares;1743;10;10;100.0;80.0;2;20.0
3120805;Cruzília;2306;8;8;100.0;100.0;4;50.0
3146750;Palmópolis;1121;7;6;85.71;85.71;2;28.57
3133105;Itanhandu;2283;8;8;100.0;100.0;6;75.0
3158409;Santana de Cataguases;568;3;3;100.0;100.0;2;66.67
3119302;Coromandel;4950;25;25;100.0;100.0;12;48.0
3127354;Glaucilândia;583;7;7;100.0;100.0;2;28.57
3103009;Antônio Dias;1699;18;17;94.44;88.89;4;22.22
3112604;Capinópolis;2646;8;8;100.0;100.0;6;75.0
3145505;Olímpio Noronha;475;2;2;100.0;100.0;2;100.0
3137304;Lagoa dos Patos;729;3;3;100.0;66.67;2;66.67
3101300;Alagoa;433;3;3;100.0;66.67;1;33.33
3167400;Silvianópolis;952;4;4;100.0;100.0;1;25.0
3130606;Inconfidentes;897;5;5;100.0;100.0;3;60.0
3115409;Catas Altas da Noruega;614;8;3;37.5;37.5;1;12.5
3135209;Januária;16442;91;81;89.01;72.53;27;29.67
3167509;Simão Pereira;444;3;3;100.0;100.0;2;66.67
3115003;Cascalho Rico;537;7;7;100.0;85.71;1;14.29
3147303;Paraisópolis;2804;8;8;100.0;75.0;7;87.5
3162955;São José da Lapa;6200;15;15;100.0;100.0;5;33.33
3157336;Santa Cruz de Minas;903;3;3;100.0;100.0;2;66.67
3130655;Indaiabira;1401;12;12;100.0;41.67;3;25.0
3104452;Aricanduva;1133;6;5;83.33;16.67;1;16.67
3153400;Presidente Olegário;3200;22;20;90.91;90.91;4;18.18
3144409;Natércia;682;3;3;100.0;100.0;1;33.33
3121100;Delfim Moreira;1304;7;7;100.0;100.0;4;57.14
3112109;Caparaó;1052;10;9;90.0;70.0;2;20.0
3160702;Santos Dumont;6594;35;35;100.0;100.0;15;42.86
3160207;Santo Antônio do Itambé;731;3;3;100.0;100.0;1;33.33
3131505;Ipuiúna;1411;6;6;100.0;100.0;3;50.0
3118106;Congonhas do Norte;822;4;3;75.0;25.0;1;25.0
3124203;Espera Feliz;4457;23;23;100.0;100.0;7;30.43
3157104;Salto da Divisa;1275;4;4;100.0;100.0;3;75.0
3154150;Reduto;1577;9;9;100.0;77.78;2;22.22
3150901;Piranguçu;1069;5;5;100.0;80.0;3;60.0
3105202;Bandeira;755;6;4;66.67;50.0;1;16.67
3114402;Carmo do Rio Claro;2917;12;10;83.33;83.33;3;25.0
3102308;Alvinópolis;2239;9;8;88.89;77.78;6;66.67
3150406;Piedade dos Gerais;734;4;4;100.0;100.0;0;0.0
3141306;Medeiros;743;5;4;80.0;60.0;3;60.0
3108305;Borda da Mata;2533;10;10;100.0;80.0;6;60.0
3126802;Frei Gaspar;1249;6;6;100.0;100.0;2;33.33
3143450;Montezuma;1426;9;9;100.0;100.0;2;22.22
3121704;Diogo de Vasconcelos;661;7;7;100.0;100.0;3;42.86
3142809;Monte Alegre de Minas;3669;15;13;86.67;80.0;7;46.67
3103702;Araponga;1263;8;8;100.0;100.0;2;25.0
3151800;Poços de Caldas;22738;79;78;98.73;94.94;23;29.11
3125952;Fervedouro;2847;15;15;100.0;100.0;7;46.67
3129905;Ibitiúra de Minas;616;3;3;100.0;100.0;1;33.33
3170529;Urucuia;1899;12;10;83.33;83.33;1;8.33
3134608;Jaboticatubas;3394;15;15;100.0;86.67;8;53.33
3147907;Passos;19997;43;43;100.0;100.0;21;48.84
3165909;Senador Modestino Gonçalves;677;4;4;100.0;100.0;1;25.0
3116506;Claro dos Poções;1309;7;7;100.0;71.43;3;42.86
3164100;São Pedro do Suaçuí;914;7;7;100.0;100.0;2;28.57
3127057;Fronteira dos Vales;868;6;4;66.67;16.67;1;16.67
3152006;Pompéu;6143;20;20;100.0;100.0;6;30.0
3113503;Carbonita;1745;10;10;100.0;60.0;3;30.0
3118601;Contagem;91750;163;163;100.0;99.39;71;43.56
3169802;Turvolândia;1108;3;3;100.0;66.67;2;66.67
3136603;Nova União;1200;6;6;100.0;100.0;4;66.67
3139706;Maravilhas;1388;4;4;100.0;100.0;2;50.0
3170008;Ubaí;2345;19;9;47.37;26.32;8;42.11
3124807;Estrela do Sul;1224;10;10;100.0;100.0;4;40.0
3134004;Itinga;2431;18;18;100.0;55.56;5;27.78
3157708;Santa Juliana;3253;8;8;100.0;62.5;2;25.0
3142205;Miraí;2012;9;9;100.0;100.0;1;11.11
3123304;Dores do Turvo;854;4;4;100.0;100.0;2;50.0
3108909;Brazópolis;2514;13;13;100.0;92.31;11;84.62
3146404;Paineiras;653;4;4;100.0;100.0;3;75.0
3161601;São Geraldo da Piedade;671;4;4;100.0;100.0;4;100.0
3142700;Montalvânia;3116;19;15;78.95;73.68;7;36.84
3122454;Divisópolis;1855;7;7;100.0;100.0;2;28.57
3139102;Madre de Deus de Minas;956;3;3;100.0;66.67;2;66.67
3136108;Joanésia;635;6;6;100.0;50.0;2;33.33
3127008;Fronteira;2749;11;11;100.0;100.0;3;27.27
3156809;Sabinópolis;2352;14;14;100.0;92.86;6;42.86
3149507;Pequeri;677;5;5;100.0;100.0;1;20.0
3111903;Cana Verde;873;3;3;100.0;100.0;1;33.33
3158953;Santana do Paraíso;6344;20;20;100.0;100.0;12;60.0
3119955;Córrego Fundo;996;4;4;100.0;100.0;2;50.0
3168903;Tiros;1295;6;6;100.0;100.0;1;16.67
3129301;Iapu;1713;8;8;100.0;100.0;2;25.0
3117900;Congonhal;1996;4;4;100.0;100.0;2;50.0
3126307;Fortaleza de Minas;559;3;3;100.0;100.0;2;66.67
3171402;Vieiras;724;5;5;100.0;100.0;1;20.0
3108800;Braúnas;686;4;4;100.0;75.0;2;50.0
3165305;São Vicente de Minas;1181;3;3;100.0;100.0;2;66.67
3164472;São Sebastião do Anta;1406;4;4;100.0;100.0;1;25.0
3165800;Senador José Bento;208;3;3;100.0;100.0;2;66.67
3159308;Santa Rita de Jacutinga;846;4;4;100.0;100.0;1;25.0
3132404;Itajubá;12279;47;47;100.0;100.0;22;46.81
3117207;Conceição das Pedras;475;3;3;100.0;66.67;2;66.67
3130051;Icaraí de Minas;2094;19;17;89.47;63.16;8;42.11
3145703;Oliveira Fortes;274;3;3;100.0;100.0;1;33.33
3169109;Toledo;1665;7;7;100.0;71.43;2;28.57
3110509;Camanducaia;4964;17;17;100.0;100.0;4;23.53
3103207;Araçaí;451;4;4;100.0;100.0;2;50.0
3127701;Governador Valadares;40734;105;105;100.0;96.19;84;80.0
3171030;Verdelândia;2015;13;13;100.0;92.31;6;46.15
3119500;Coronel Murta;1578;8;6;75.0;62.5;2;25.0
3102852;Angelândia;1813;5;5;100.0;100.0;1;20.0
3107406;Bom Despacho;9201;26;26;100.0;100.0;15;57.69
3151107;Pirapetinga;1624;7;7;100.0;100.0;6;85.71
3104601;Astolfo Dutra;1967;7;7;100.0;100.0;3;42.86
3163201;São José do Alegre;842;3;3;100.0;100.0;2;66.67
3122603;Dom Joaquim;1031;9;9;100.0;100.0;6;66.67
3123908;Entre Rios de Minas;2685;12;12;100.0;66.67;6;50.0
3125408;Felício dos Santos;1150;4;4;100.0;100.0;2;50.0
3100104;Abadia dos Dourados;985;7;7;100.0;100.0;1;14.29
3170503;Urucânia;1935;7;7;100.0;100.0;3;42.86
3133709;Itatiaiuçu;3167;11;11;100.0;81.82;6;54.55
3155504;Rio Paranaíba;2670;14;14;100.0;100.0;5;35.71
3136520;José Gonçalves de Minas;729;6;6;100.0;100.0;2;33.33
3137502;Lagoa Formosa;3263;13;13;100.0;100.0;3;23.08
3152501;Pouso Alegre;25742;50;50;100.0;98.0;23;46.0
3121209;Delfinópolis;1472;8;8;100.0;87.5;2;25.0
3113008;Caraí;3962;32;30;93.75;43.75;6;18.75
3112653;Capitão Andrade;1016;6;6;100.0;83.33;2;33.33
3115458;Catuji;1957;12;11;91.67;75.0;1;8.33
3163805;São Miguel do Anta;1134;6;6;100.0;83.33;3;50.0
3140001;Mariana;11036;38;38;100.0;84.21;12;31.58
3133758;Itaú de Minas;2082;8;8;100.0;100.0;5;62.5
3115607;Cedro do Abaeté;196;3;3;100.0;66.67;1;33.33
3100708;Água Comprida;448;2;2;100.0;100.0;1;50.0
3134806;Jacuí;1333;3;3;100.0;100.0;2;66.67
3102506;Amparo do Serra;725;5;4;80.0;60.0;1;20.0
3105400;Barão de Cocais;6177;19;17;89.47;89.47;6;31.58
3161650;São Geraldo do Baixio;720;5;5;100.0;100.0;3;60.0
3128709;Guaxupé;6975;22;22;100.0;95.45;13;59.09
3162005;São Gonçalo do Sapucaí;4169;18;18;100.0;100.0;11;61.11
3142254;Miravânia;920;12;11;91.67;75.0;5;41.67
3125606;Felisburgo;1489;9;8;88.89;77.78;2;22.22
3166204;Senhora dos Remédios;1391;10;10;100.0;100.0;3;30.0
3131703;Itabira;17411;46;46;100.0;97.83;36;78.26
3159357;Santa Rita de Minas;1233;4;4;100.0;100.0;1;25.0
3130200;Igaratinga;2117;8;8;100.0;100.0;5;62.5
3162500;São João del Rei;11701;40;40;100.0;92.5;22;55.0
3119609;Coronel Pacheco;511;4;3;75.0;25.0;1;25.0
3144607;Nepomuceno;3432;17;17;100.0;94.12;5;29.41
3153509;Alto Jequitibá;1383;9;9;100.0;100.0;2;22.22
3135902;Jesuânia;850;3;3;100.0;100.0;2;66.67
3135407;Jeceaba;1180;5;5;100.0;100.0;5;100.0
3147501;Passabém;303;3;3;100.0;100.0;1;33.33
3156403;Romaria;645;3;3;100.0;100.0;2;66.67
3141504;Mendes Pimentel;896;6;5;83.33;66.67;2;33.33
3147956;Patis;1006;6;6;100.0;100.0;4;66.67
3144375;Natalândia;777;3;3;100.0;100.0;2;66.67
3139300;Manga;4165;26;19;73.08;65.38;8;30.77
3103751;Araporã;1854;6;6;100.0;100.0;3;50.0
3134202;Ituiutaba;16050;36;36;100.0;100.0;24;66.67
3127206;Funilândia;981;5;5;100.0;100.0;3;60.0
3170057;Ubaporanga;2571;13;13;100.0;76.92;5;38.46
3122108;Divino das Laranjeiras;782;8;5;62.5;62.5;3;37.5
3104106;Arceburgo;1387;4;4;100.0;100.0;3;75.0
3145208;Nova Serrana;25476;46;46;100.0;100.0;26;56.52
3106101;Belmiro Braga;593;5;5;100.0;100.0;1;20.0
3170578;Vargem Alegre;1035;3;3;100.0;100.0;2;66.67
3167707;Sobrália;917;7;7;100.0;28.57;1;14.29
3145059;Nova Porteirinha;1299;10;10;100.0;100.0;3;30.0
3146602;Paiva;220;3;3;100.0;100.0;1;33.33
3109204;Buenópolis;1641;8;8;100.0;100.0;5;62.5
3164704;São Sebastião do Paraíso;12419;34;34;100.0;97.06;20;58.82
3157302;Santa Bárbara do Tugúrio;816;3;3;100.0;66.67;1;33.33
3124401;Espírito Santo do Dourado;1455;6;6;100.0;66.67;1;16.67
3119005;Cordislândia;584;3;3;100.0;33.33;1;33.33
3103900;Araújos;1583;5;5;100.0;100.0;4;80.0
3128600;Guarda-Mor;1398;6;6;100.0;50.0;5;83.33
3137007;Ladainha;2575;21;15;71.43;38.1;3;14.29
3112307;Capelinha;10447;30;30;100.0;100.0;9;30.0
3136652;Juatuba;6468;19;19;100.0;100.0;5;26.32
3101003;Águas Vermelhas;2764;18;18;100.0;94.44;8;44.44
3136801;Juramento;660;6;6;100.0;100.0;3;50.0
3152204;Porteirinha;7855;34;34;100.0;97.06;14;41.18
3167103;Serro;3738;31;17;54.84;51.61;9;29.03
3130309;Iguatama;1012;6;6;100.0;100.0;1;16.67
3121902;Divinésia;939;3;3;100.0;100.0;3;100.0
3109808;Cachoeira Dourada;450;3;3;100.0;100.0;1;33.33
3106705;Betim;72917;121;121;100.0;100.0;90;74.38
3154903;Rio Casca;2238;10;10;100.0;100.0;2;20.0
3157906;Santa Margarida;3492;23;23;100.0;100.0;3;13.04
3149101;Pedralva;1533;7;7;100.0;100.0;2;28.57
3139904;Maria da Fé;2643;14;14;100.0;100.0;10;71.43
3161106;São Francisco;11033;37;36;97.3;86.49;18;48.65
3155009;Rio Doce;526;3;3;100.0;100.0;1;33.33
3120508;Cristina;1532;9;9;100.0;100.0;7;77.78
3148202;Patrocínio do Muriaé;847;4;4;100.0;100.0;1;25.0
3165537;Sarzedo;8384;16;16;100.0;100.0;3;18.75
3164209;São Romão;1603;7;7;100.0;100.0;1;14.29
3101607;Alfenas;12266;39;39;100.0;100.0;13;33.33
3113701;Carlos Chagas;2947;17;16;94.12;88.24;4;23.53
3100302;Abre Campo;2214;14;12;85.71;85.71;3;21.43
3107604;Bom Jesus da Penha;918;3;3;100.0;100.0;2;66.67
3117405;Conceição de Ipanema;742;9;9;100.0;100.0;2;22.22
3149705;Perdigão;3126;6;6;100.0;100.0;2;33.33
3110707;Cambuquira;2020;9;9;100.0;100.0;4;44.44
3165560;Sem-Peixe;423;4;4;100.0;100.0;3;75.0
3144003;Mutum;4703;41;28;68.29;41.46;15;36.59
3111408;Campo Florido;1984;6;6;100.0;100.0;2;33.33
3168408;Tarumirim;2118;22;19;86.36;86.36;14;63.64
3138401;Leopoldina;7552;39;39;100.0;92.31;13;33.33
3123502;Douradoquara;264;2;2;100.0;100.0;1;50.0
3107000;Biquinhas;421;3;3;100.0;100.0;3;100.0
3100906;Águas Formosas;3845;19;13;68.42;42.11;6;31.58
3159506;Santa Rita do Itueto;1264;14;13;92.86;21.43;3;21.43
3128105;Guapé;2427;10;10;100.0;100.0;6;60.0
3154408;Ressaquinha;780;6;4;66.67;66.67;3;50.0
3133303;Itaobim;3882;16;16;100.0;81.25;6;37.5
3143708;Morro do Pilar;628;4;4;100.0;100.0;2;50.0
3158607;Santana do Deserto;640;6;6;100.0;100.0;5;83.33
3162609;São João do Oriente;1401;7;7;100.0;100.0;1;14.29
3170701;Varginha;19278;49;49;100.0;91.84;22;44.9
3115201;Conceição da Barra de Minas;550;3;3;100.0;100.0;2;66.67
3140605;Materlândia;798;4;4;100.0;100.0;2;50.0
3130804;Ingaí;497;3;3;100.0;100.0;1;33.33
3151305;Piraúba;1966;8;8;100.0;100.0;3;37.5
3169307;Três Corações;10687;32;32;100.0;90.63;21;65.63
3160900;São Brás do Suaçuí;830;3;3;100.0;100.0;2;66.67
3151909;Pocrane;1435;12;11;91.67;91.67;5;41.67
3121258;Delta;2406;5;5;100.0;100.0;3;60.0
3143104;Monte Carmelo;8336;28;28;100.0;85.71;11;39.29
3133907;Itaverava;859;7;7;100.0;100.0;2;28.57
3110103;Caiana;907;12;12;100.0;91.67;0;0.0
3112802;Capitólio;1921;9;9;100.0;100.0;3;33.33
3166808;Serra do Salitre;2968;11;11;100.0;90.91;7;63.64
3148806;Pedra do Anta;532;3;3;100.0;100.0;1;33.33
3158003;Santa Maria de Itabira;2025;6;6;100.0;100.0;4;66.67
3125002;Ewbank da Câmara;1030;4;4;100.0;100.0;2;50.0
3115805;Centralina;1680;5;5;100.0;100.0;2;40.0
